restaurant_id,restaurant_name,num_reviews_in_matrix,avg_rating_in_matrix,total_reviewers
fecbdcc77bae,Bobo's Barbecue,110,4.254545454545455,110
79411b4684bc,Oishi Hibachi Steakhouse,110,3.6272727272727274,110
d0a1db7eb560,Popeyes Louisiana Kitchen,110,1.8181818181818181,110
7de873626693,Texas Roadhouse,110,4.090909090909091,110
d10c1c8b6ff4,Tenkyu,110,4.627272727272727,110
7c8ecd2f1209,Circle K,110,3.2181818181818183,110
d14fae7e8c6e,Steak 'n Shake,110,3.1636363636363636,110
7bce1a340eca,Starbucks,110,3.4363636363636365,110
7bcc83473c01,Illini Union Bookstore,110,4.418181818181818,110
d35834801313,Li'l Porgy's Barbeque,110,3.5272727272727273,110
7aeef15c5864,Dunkin',110,2.463636363636364,110
7ad31fb068ec,Starbucks,110,3.727272727272727,110
d35a4cd25a23,First Wok,110,4.045454545454546,110
7a599ee660c2,McAlister's Deli,110,3.3,110
79b9d7998050,Bombay Market,110,4.372727272727273,110
79099bf5df27,Dunkin',110,2.981818181818182,110
75b9bcc98cb6,Harvest Market,110,4.136363636363637,110
78911aa6f3e1,Rose Bowl Tavern,110,4.681818181818182,110
788ec42a1d3a,Red Lobster,110,4.172727272727273,110
7867ff414662,Pandamonium Doughnuts,110,4.4363636363636365,110
78238cb645f7,Signature Grill,110,4.118181818181818,110
d35bea61e7a2,Main Quad,110,4.845454545454546,110
d36463316d59,Asian taste,110,4.581818181818182,110
d43baf1a6d25,Oozu Ramen,110,4.4,110
7745aaf7c8d2,Kyo Matcha,110,4.663636363636364,110
d442970fd930,Shawarma Joint,110,4.918181818181818,110
76cd66233aa8,Toro Loco,110,3.9909090909090907,110
76c2945fa9e0,Le Peep,110,4.327272727272727,110
d4a709392cde,Kung Fu Tea,110,4.136363636363637,110
75cd94f2f92e,Lincoln Square Mall,110,3.727272727272727,110
d09fda81fa47,Wood N’ Hog BBQ,110,3.9272727272727272,110
7fbaf8bd9f43,Bangkok Thai Restaurant & Pho 911,110,4.3,110
7fbbac10849f,Ambar India Restaurant,110,3.590909090909091,110
8076d15de781,Northern Cuisine,110,4.790909090909091,110
89271f64f60f,Evergreen Tobacco & Smoke on Campus,110,4.490909090909091,110
8914ea8dd1b8,Penn Station East Coast Subs,110,3.5,110
ce280b06e136,Black Dog Smoke & Ale House,110,4.381818181818182,110
8873a223d510,Moki Sushi,110,3.0454545454545454,110
88314e62ea61,Monical's Pizza,110,4.0181818181818185,110
87f0e5ca70a7,Asian bowl express,110,4.6454545454545455,110
cf5dec73e3a3,Barnes & Noble,110,4.181818181818182,110
87382ec6f5e8,Collective Pour,110,4.4363636363636365,110
86dce4f7d8f8,Mr Crab,110,3.7181818181818183,110
867e68dbff73,Shawarma Joint,110,4.7,110
86043a3d44b3,Agave Mexican Restaurant,110,4.463636363636364,110
8600d5634f81,Caffe Bene Green,110,3.9545454545454546,110
cf723f68f439,Fernando’s Tacos & More,110,4.7727272727272725,110
84fa490f1ad3,Smoothie King,110,3.9909090909090907,110
83cc58fdd15c,Beef 'O' Brady's,110,3.772727272727273,110
83538a9c50d9,Star Karaoke,110,3.9363636363636365,110
cfa69e20786a,Cactus Grill,110,4.372727272727273,110
82ce0b345165,Peking Garden Restaurant,110,4.345454545454546,110
cfcb6115c816,Chipotle Mexican Grill,110,1.8636363636363635,110
82b2859f87a3,Dunkin',110,2.790909090909091,110
8242fd96e7ef,El Oasis,110,4.881818181818182,110
81c557c0034f,Rendang Republic,110,4.8,110
81708e33cc51,Panda Express,110,2.5,110
8155aad8a8e9,The Home Depot,110,2.909090909090909,110
d07bb1db8d79,The Canopy Club,110,3.8,110
80a4e28bb019,Yatai Restaurant,110,4.4,110
808b1b8555d6,Sushi Kame,110,4.218181818181818,110
d4fa9b97192b,Baxters American Grille,110,4.345454545454546,110
741d3ea1730c,nuEra Champaign Dispensary,110,4.927272727272728,110
5aff0dae2231,Curtis Orchard & Pumpkin Patch,110,4.045454545454546,110
624d7f3ee967,Dollar General,110,3.7636363636363637,110
66d4b720a481,Dollar Tree,110,4.1454545454545455,110
e0780e563320,DICK'S House of Sport,110,3.6545454545454548,110
e2d026a31afe,Burger King,110,2.709090909090909,110
66325bc6e891,Forage Kitchen,110,4.154545454545454,110
65ee8d7a4e1b,Sushi Rock Restaurant,110,4.327272727272727,110
6567d6d0245d,Little Caesars Pizza,110,3.518181818181818,110
e3e253107423,Mandarin Wok,110,3.9454545454545453,110
63641d457d36,Thai Fusion,110,4.536363636363636,110
62cf51e7ab91,Jimmy John's,110,3.3545454545454545,110
62cb6dd3985f,Sammy's Pancake House,110,3.981818181818182,110
62c4d8657462,Caffe Paradiso,110,3.9,110
627b3f8562a9,D.P. Dough,110,4.4818181818181815,110
626ac7f67a41,Arby's,110,3.327272727272727,110
e445347901b0,Jarling's Custard Cup,110,4.4,110
73eeaf1b9e62,Papa Johns Pizza,110,2.8636363636363638,110
61a4a335751a,Cracked the Egg Came First,110,3.9909090909090907,110
6155485a7e7e,The Wheelhouse,110,4.463636363636364,110
6097e6421381,Quality,110,4.5,110
5fc0ee54aa47,Sakanaya,110,4.454545454545454,110
e46967af2fe3,ALDI,110,4.336363636363636,110
5ed401bc759c,Ming Garden,110,4.163636363636364,110
be8dbf68aded,El Progreso,110,4.390909090909091,110
5e119fa54ff3,Caribbean Grill,110,4.463636363636364,110
5dc22644b263,Chongqing house重庆山庄 (Hot Wok Express）,110,3.190909090909091,110
5d44145fbb42,Olive Garden Italian Restaurant,110,3.6,110
5c8869bc8f40,Gopher Games,110,4.818181818181818,110
5c26b0ca2787,Star BBQ,110,4.072727272727272,110
5befa8e27a46,Dairy Queen Grill & Chill,110,2.909090909090909,110
dfa004e9889b,El Rancho Grande II,110,4.172727272727273,110
df40d3113325,The Idea Store,110,4.5181818181818185,110
66f0841f1906,Taco Bell,110,2.790909090909091,110
6783bcf7d788,Siam Terrace,110,4.4363636363636365,110
d5e1d1cf8c20,"Blain's Farm & Fleet - Urbana, Illinois",110,4.236363636363636,110
d6437ddcfc07,Alto Vineyards Champaign,110,4.636363636363637,110
736090794059,Farren's at The Inman,110,4.118181818181818,110
7358771dccd7,Caffé Bene,110,3.963636363636364,110
7347e5f1d7be,Legends,110,3.809090909090909,110
729ddd5abd7a,Raising Cane's Chicken Fingers,110,3.827272727272727,110
d73c6a33a6b3,Nando Milano,110,3.918181818181818,110
72046229f6ba,Naya Indian Cuisine,110,3.609090909090909,110
710a0ba5bffb,Jet's Pizza,110,3.518181818181818,110
70eaa366d829,Golden Harbor Authentic Chinese Cuisine,110,4.281818181818182,110
70bddf0f5877,Chipotle Mexican Grill,110,1.6454545454545455,110
70242a68e0c4,Tres Nopales,110,4.4363636363636365,110
6fc7e8e613df,The Apple Dumplin',110,4.254545454545455,110
6f735e4ebb94,Dubai Grill,110,4.6,110
6eede17fe096,Sam's Club,110,3.272727272727273,110
d8e479dd100c,Ashley Store,110,4.663636363636364,110
6e7cb23d7df0,Jersey Mike's Subs,110,3.7181818181818183,110
d8e60cc39d0b,Binny's Beverage Depot - Champaign,110,4.363636363636363,110
d8e8165a23ec,Tasty Tart,110,4.9,110
dc5e3c820995,Papa Johns Pizza,110,3.4,110
6bfd889641fc,Niemann Ace Hardware,110,4.554545454545455,110
6b81cffaf6a1,Marketplace Plaza,110,4.127272727272727,110
dca4535d9d65,Stango Cuisine,110,4.5181818181818185,110
dca9b14109e9,Baldarotta's Porketta & Sicilian Sausage,110,4.709090909090909,110
dcac80f03a66,Sarku Japan,110,3.8,110
680d3ba8352f,Potbelly,110,2.536363636363636,110
68037b4cda64,Champaign Commons,110,4.3545454545454545,110
ce25fcfc147f,Aspen Tap House,110,4.218181818181818,110
89ff888d8671,Walmart Supercenter,110,3.0090909090909093,110
8a29b5d1c889,AMC Champaign 13,110,3.2636363636363637,110
c53873f3d4cc,Whisk Coffee and Wine Bar,110,4.527272727272727,110
b18053bfeade,Billy Barooz Pub & Grill,110,4.345454545454546,110
b0baa4c6e71f,Dairy Queen Grill & Chill,110,3.0545454545454547,110
c3a6d4dafc7c,Papa Murphy's | Take 'N' Bake Pizza,110,4.472727272727273,110
b0597a3c8409,Urbana Country Club,110,4.6909090909090905,110
afe8874624ef,Macy's,110,3.5272727272727273,110
c3fae4ed3142,GOLDEN WHEAT(LAO BIAO 老表),110,4.172727272727273,110
af6edba3ef47,Little Caesars Pizza,110,2.6272727272727274,110
c49d5c3b6948,Buffalo Wild Wings,110,2.5454545454545454,110
aee2039fb441,Bab Plus Restaurant,110,3.9909090909090907,110
ad4b982cfc58,chili bistro-川湘阁,110,4.945454545454545,110
ad1fddb5c059,McDonald's,110,2.109090909090909,110
ad1ee6832d9e,Fern & Flora,110,4.918181818181818,110
ace9a4f4c103,Hamilton Walker's,110,4.409090909090909,110
c574dd37a9ce,EVO 重慶,110,3.981818181818182,110
8a810ee9cdba,Los Zarapes,110,4.181818181818182,110
c5831ff40835,Parlor Doughnuts,110,4.1454545454545455,110
c5f84726bb01,Café Kopi,110,4.009090909090909,110
ab64b7b4150d,Naf Naf Grill,110,4.1454545454545455,110
aabd60456c4f,Cracker Barrel Old Country Store,110,3.7636363636363637,110
c6371b50c149,Jimmy John's,110,3.390909090909091,110
a960398f129d,Hound's Rest,110,4.527272727272727,110
a8c7cea71469,Walmart Supercenter,110,3.036363636363636,110
a88586122302,The Space,110,4.590909090909091,110
a7f2a1097923,Liquor Land,110,4.763636363636364,110
a7d3c3b29fbd,Denny's,110,4.136363636363637,110
a75d4915ab24,County Market,110,3.4363636363636365,110
a6c8f3b96909,Pia's Sports Bar & Grill,110,4.218181818181818,110
a653ea2e08eb,ISHI & Kaori’s Oven,110,4.890909090909091,110
b1821ceb07b9,Mid Summer Lounge,110,4.290909090909091,110
b1ab48669e02,Old Orchard Lanes & Links,110,4.390909090909091,110
b24c3ccb38a5,DD Fish 炉鱼,110,4.536363636363636,110
b2833007b2e6,Arrowhead Lanes,110,2.8,110
bde7b68daae5,Ruler Foods,110,4.2727272727272725,110
bed32755a4b5,VIDA Bottega,110,4.818181818181818,110
bd2a149fc8fc,Fat City Bar and Grill,110,4.245454545454545,110
c019a0d1e6e7,YoYo's Coffee & Bar,110,4.681818181818182,110
bc235f512338,Mesón Sabika,110,4.5181818181818185,110
bb210a1676bd,Champaign Public Library,110,4.445454545454545,110
baecb980ec15,Bentley's Pub,110,4.409090909090909,110
babfbeeaf5da,The Bread Company,110,4.409090909090909,110
c036a81950b4,Schnucks Urbana,110,3.6272727272727274,110
ba0f439a751c,Maple & Yolk,110,4.790909090909091,110
c17e9d195a04,The City Center,110,4.490909090909091,110
c1c227f39117,Manolo's Pizza & Empanadas,110,4.3545454545454545,110
b84c39140755,Mo's Burritos,110,4.4,110
c21669df1010,Cheese & Crackers,110,4.754545454545455,110
b7a27e345ac4,Illini Union,110,4.581818181818182,110
c21f98c17cfc,Smoothie King,110,3.8727272727272726,110
b6e05b4b4f25,Jimmy John's,110,3.481818181818182,110
b69beccc699a,BrewLab Coffee,110,4.509090909090909,110
c25240c6c973,The Literary,110,4.581818181818182,110
b5eba676c80a,Sticky Rice - Downtown,110,4.345454545454546,110
b51666ff4c92,McDonald's,110,2.1818181818181817,110
b4c30d9b0598,Prairie Fruits Farm and Creamery,110,4.790909090909091,110
b46ee5100d18,Dunkin',110,3.409090909090909,110
c2955b7f7b59,Fannie May,110,4.554545454545455,110
b439d026f8e9,Captain D's,110,4.4,110
b3ee9dd174ff,Freddy's Frozen Custard & Steakburgers,110,3.6818181818181817,110
b3694884f9ff,Perkins American Food Co.,110,3.890909090909091,110
a6499ebbe0de,La-Z-Boy Champaign,110,4.636363636363637,110
a60c5bffeeb3,TCBY,110,4.209090909090909,110
a60674cb14ca,Mad Goat Coffee,110,4.609090909090909,110
9acd45b82d98,Golden Wok,110,3.9727272727272727,110
9a9ae11fa4e4,Little Caesars Pizza,110,3.0454545454545454,110
99aa0eb1ce8f,Shawluxe Premier Renovations,110,4.881818181818182,110
99832861e651,Sakura Japanese Cuisine,110,4.290909090909091,110
9870faf209a4,Global Smoke & Vape,110,4.927272727272728,110
986dea5e5719,Mo's Burritos Restaurant,110,4.7727272727272725,110
96ae2e580c9b,Stardust Vapors,110,4.9,110
cb795513686e,Chophouse on Main,110,3.9727272727272727,110
95bfce620535,Fresh International Market,110,4.1,110
958f8df03cf2,Cocomero,110,4.236363636363636,110
cbcca86f648a,Walgreens,110,1.690909090909091,110
948e09bd96c2,Pizzeria Antica,110,3.8727272727272726,110
94827fcd0372,Ko Fusion,110,4.0636363636363635,110
93a59b728d0b,Golden Crab - Boiled Seafood & Bar,110,4.045454545454546,110
9381ba3d6458,McDonald's,110,2.309090909090909,110
937a3a92027b,Kung Fu BBQ,110,3.272727272727273,110
93388391a87e,Red Herring Vegetarian Restaurant,110,4.536363636363636,110
9264a9f01cc2,Hickory River Smokehouse,110,3.672727272727273,110
92500fb9fa85,Masijta Grill korean BBQ,110,3.227272727272727,110
917a2543a2e6,Papa Del's Pizza Factory,110,3.7181818181818183,110
9118852f51e8,Dunkin',110,2.536363636363636,110
cc25680a6987,Tapas Barcelona,110,4.545454545454546,110
cc2b6d225784,Chili's Grill & Bar,110,3.672727272727273,110
ccdb266ca75a,Menards,110,3.381818181818182,110
8c1afebde430,Po' Boys,110,4.418181818181818,110
cd81f88a831d,University of Illinois Urbana-Champaign,110,4.427272727272728,110
8b144f594c40,7 Brew Coffee,110,3.9727272727272727,110
8b0d75600d44,Subway,110,3.690909090909091,110
cb4d91fe181d,Sol Del Mar Mexican Bar and Grill,110,4.127272727272727,110
9b796e63d7d8,Gordon Food Service Store,110,4.154545454545454,110
c6dfb305da88,Starbucks,110,3.9454545454545453,110
9be12bd5d51b,Huaraches Moroleon,110,4.5,110
a5ca1533cfb9,Ollie's Bargain Outlet,110,4.463636363636364,110
a561b544be07,Sunnyside Cannabis Dispensary - Champaign,110,4.581818181818182,110
a4ff86df1c1a,Subway,110,3.3727272727272726,110
a3fa79f51519,Monical's Pizza,110,3.463636363636364,110
a3e9d068a50b,Napolis Italian Restaurant,110,4.372727272727273,110
c6e0c719a9b0,Lowe's Home Improvement,110,2.5636363636363635,110
a2957fb60d72,C-U La La Noodle,110,3.9272727272727272,110
a2718f995aed,Strawberry Fields Cafe,110,4.181818181818182,110
a1b4239b3cd5,Pour Bros. Craft Taproom,110,4.318181818181818,110
a1ae43f9ff49,Addiour Perfume,110,4.963636363636364,110
a1adc0b9a815,Sam Leman Chevrolet Cadillac of Champaign,110,4.527272727272727,110
a1a199039c23,Dos Reales Mexican Restaurant,110,4.372727272727273,110
a16255b44ea9,Seven Saints,110,4.4363636363636365,110
c8f50280c20f,Domino's Pizza,110,3.309090909090909,110
c9157a20910d,Starbucks,110,3.3181818181818183,110
a0a9ad771122,Champaign Chrysler Dodge Jeep Ram,110,3.7818181818181817,110
a03b3ac2068f,Hacienda Rebollo,110,4.0181818181818185,110
9fd88a793ef6,Guido's Bar & Grill,110,3.7818181818181817,110
9faf4b14acd0,Cold Stone Creamery,110,3.9363636363636365,110
9fac6312f752,Aroma Cafe,110,4.463636363636364,110
c915d5cd64a1,The Courier Cafe,110,3.3545454545454545,110
9e6959fba20c,Lanxang Thai Restaurant,110,4.572727272727272,110
c91fa9e6fb87,Raising Cane's Chicken Fingers,110,3.7363636363636363,110
9e2b99dba1f5,Dimsum house,110,4.8,110
c9bd8abf7252,Jimmy John's,110,2.772727272727273,110
9ddba9465bbd,Espresso Royale Cafe Campustown,110,4.090909090909091,110
9db983d5871f,Black Dog Smoke & Ale House,110,4.181818181818182,110
5bb96aba13a8,Pizza Hut,110,2.8181818181818183,110
5e6ac8c16ef8,McDonald's,110,2.0454545454545454,110
5ad0856cb676,Common Ground Food Co-op,110,4.609090909090909,110
f0351c2af68f,Casa Real Mexican Restaurant,110,4.7,110
220adcc8d886,Moon Glo Bar & Grill,110,4.3090909090909095,110
21cdab2ad043,No Regrets Tattoos & Body Piercing,110,4.109090909090909,110
f061b0d22553,JCPenney,110,3.5545454545454547,110
2152a6767735,Mo's Burritos Bar & Grill,110,4.763636363636364,110
213eeb527be0,Wendy's,110,2.727272727272727,110
1ff7da83fffd,Sushi Man,110,4.836363636363636,110
1fbdd9d24821,Martinelli's Market - Bakery & Deli,110,4.363636363636363,110
1fb75fed0271,Dop's Jerk House,110,4.3545454545454545,110
f103c6573cbd,Ikenberry Dining Center,110,4.081818181818182,110
1f05f2d4e184,Style and Grace Salon & Day Spa,110,4.1454545454545455,110
1edd86ac427f,Daily Bread Soup Kitchen,110,4.709090909090909,110
1e5fe96eedb7,Casey's,110,3.4363636363636365,110
f114f61f56f6,Mia Za's,110,3.981818181818182,110
f13d25f5b300,Insomnia Cookies,110,3.327272727272727,110
1e4473a38183,Merry Ann's Diner,110,4.4,110
1d5ebc94a169,Encanto Restaurant and Bar,110,4.5181818181818185,110
1cf978d7ac13,McDonald's,110,2.327272727272727,110
1cb223a88e07,Cowboy Monkey,110,4.036363636363636,110
1c09722401d0,Five Below,110,4.3090909090909095,110
f184c051348c,Jet's Pizza,110,3.2545454545454544,110
f21f4a293dd3,Domino's Pizza,110,2.090909090909091,110
1ac8371ceb67,Rick's Bakery,110,4.681818181818182,110
1a69fe14fbb5,Espresso Royale Cafe - Village Green,110,4.254545454545455,110
1a62e4f723f8,Kohl's,110,3.609090909090909,110
19c480047671,Wendy's,110,2.690909090909091,110
f242a66baff1,Esquire Lounge,110,4.181818181818182,110
17cb770a375a,Domino's Pizza,110,2.327272727272727,110
222e591c9be6,Chick-fil-A,110,4.0181818181818185,110
22badac74f2e,POKE LAB CHAMPAIGN,110,3.7545454545454544,110
3048f673be83,Jimmy John's,110,4.054545454545455,110
22ce50fd081d,Illini Inn,110,4.054545454545455,110
ee38c029735d,Moe's Southwest Grill,110,3.2818181818181817,110
2f348641b097,Joe's Brewery,110,3.7363636363636363,110
ee92128000b5,La Mixteca Restaurant,110,4.072727272727272,110
2ea6a0f606a6,Dave's Hot Chicken,110,4.654545454545454,110
2e495cb33713,Espresso Royale Cafe - Oregon Street,110,4.027272727272727,110
ee92e46c4920,Sushi Siam,110,4.6454545454545455,110
2d2cc660be37,Ye Olde Donut Shoppe,110,4.6454545454545455,110
efaa59225538,Jurassic Grill Champaign,110,3.9454545454545453,110
5a753f511598,ILLINI GRAB & GO,110,4.9818181818181815,110
efdb1072f188,Hole In the Wall,110,4.472727272727273,110
2b84d0ce3d41,Las Palmas Mexican Grill,110,4.027272727272727,110
2b50aa5c4e5c,Jumbo Crab,110,4.3090909090909095,110
2b4697811595,Casa Del Mar,110,4.463636363636364,110
2a763d8eb8a7,ALDI,110,4.254545454545455,110
29fbbea1c4b1,Exotic's Smoke Shop,110,4.827272727272727,110
285184a0a544,Arby's,110,3.2545454545454544,110
278dae96ae41,JB Hawks Discount Tobacco and Vape,110,4.3,110
272488d48549,McDonald's,110,1.8545454545454545,110
eff62402bfd6,Steak 'n Shake,110,2.418181818181818,110
267ffeb0f3b9,Silvercreek,110,4.209090909090909,110
f02876b40688,Burger King,110,1.990909090909091,110
25d0e1a71b5b,Chinatown Buffet,110,4.027272727272727,110
25c10b645f3c,The Original Pancake House,110,4.6454545454545455,110
255bc514e3d1,Big J J Fish & Chicken,110,4.072727272727272,110
252d5b6ede97,"Japan House, University of Illinois at Urbana-Champaign",110,4.881818181818182,110
240e5f34e4e3,Art Mart,110,4.454545454545454,110
2302e180821e,Taco Bell,110,3.1,110
17a9cafac7d4,The Venue CU,110,4.754545454545455,110
16a70f0cd730,Crossroads Corner Consignment,110,4.427272727272728,110
15b85aa50981,Papa Johns Pizza,110,2.9545454545454546,110
1558febb1d49,Plant Mode,110,4.927272727272728,110
f9bd1107b762,Susuru Ramen Bar,110,4.618181818181818,110
09b8b98c00a6,Arby's,110,3.2363636363636363,110
09866010030d,Avionics - Flying Machine Coffee,110,4.527272727272727,110
f9d8e84d7e3a,Taco Bell,110,2.963636363636364,110
091ce9f4599e,Niemann Ace Hardware,110,4.381818181818182,110
fa3a3886fca8,Niro's Gyros,110,4.290909090909091,110
fa81cbe9cdff,Sam's Cafe,110,4.581818181818182,110
fae400469007,Jane Addams Book Shop,110,4.8090909090909095,110
07db5f31cff0,BIBIBOP Asian Grill,110,4.627272727272727,110
fafd171010b2,Taco Motorizado,110,4.4818181818181815,110
fbad2153774f,KAMS,110,2.609090909090909,110
064a61b6172a,Subway,110,3.6545454545454548,110
063eed162160,Latea Bubble Tea and Coffee,110,4.136363636363637,110
061318f93fe0,Pekara Bakery And Bistro,110,4.209090909090909,110
05151a007779,Garcia's Pizza In A Pan,110,3.481818181818182,110
04dd9f532e5f,Manzella's Italian Patio,110,4.390909090909091,110
04b23ff020ab,El Toro at the Fields,110,4.209090909090909,110
0469598246c0,Taco Bell,110,2.963636363636364,110
045b2691b723,Jerusalem Middle Eastern Cuisine,110,4.490909090909091,110
03cbed5dc417,Sushi Ichiban,110,3.409090909090909,110
02cb79c4a30a,bb.q Chicken Urbana Champaign,110,4.363636363636363,110
fbfea704e2fa,Bunny's Tavern,110,4.509090909090909,110
02b0d9b2293c,25 O'Clock Brewing Company,110,4.4,110
022f5c3b772c,Ittonken一豚轩,110,4.845454545454546,110
fd4b35c19b9d,7 Brew Coffee,110,4.372727272727273,110
0175c34194d4,Suzu's Bakery,110,4.663636363636364,110
feab8ed6442e,The Urbana Free Library,110,4.8,110
0a46b2a7652f,Enchantment Alley,110,4.7272727272727275,110
0a8e04f5b3c5,Texas de Brazil - Orland Park,110,4.209090909090909,110
0aa7dd56db39,Panda Express,110,3.4272727272727272,110
f76a3657a37d,Kohinoor Indian Restaurant and Lounge,110,4.327272727272727,110
152d9e1e3861,Farmhouse Restaurant,110,4.236363636363636,110
f27384418ac2,University of Illinois Arboretum,110,4.8090909090909095,110
142733e7b70f,Steak 'n Shake,110,2.672727272727273,110
f3812fcc4912,Starbucks,110,3.7545454545454544,110
13c11816899c,El Toro Bravo,110,3.7636363636363637,110
1390c7e9b7b9,Houlihan's,110,3.7363636363636363,110
f385e68de794,La Bahía Grill,110,4.390909090909091,110
117316a52493,Schnucks Champaign,110,3.8454545454545452,110
f55d71a12a77,Beads N Botanicals,110,4.1909090909090905,110
10e74a6224d5,Smoke Station 999,110,4.7727272727272725,110
f5628a3c62e0,Culver’s,110,4.127272727272727,110
10a6818df139,Culver’s,110,4.045454545454546,110
f78c832135cd,La Bamba Mexican Restaurant,110,3.809090909090909,110
0ad06592884c,Los Hidalguense Taco Truck,110,4.736363636363636,110
0f4f23bc17db,Timpone's,110,4.081818181818182,110
f81a86a27320,It’ll Do Bar & Grill,110,4.427272727272728,110
0e40814e15db,Spoon House Korean Kitchen,110,3.8454545454545452,110
f8bc5512ddca,Smallcakes Cupcakery and Creamery,110,4.409090909090909,110
0e195bf85158,Red Robin Gourmet Burgers and Brews,110,3.409090909090909,110
0d4f38e3caa4,Los Paisas,110,4.454545454545454,110
0cc7a7c8074f,Salt & Light,110,4.390909090909091,110
0bdf7d60874d,Breaking Taco,110,4.372727272727273,110
0bd084426ae7,Clark Bar,110,4.536363636363636,110
0b905397a5b2,Old Farm Shops,110,4.509090909090909,110
0b72edfddfc5,Fiesta Cafe,110,4.1909090909090905,110
f8f9b8442895,Meijer,110,3.4909090909090907,110
2f6a7f53fdb3,Walnut Street Tea Company,110,4.8090909090909095,110
2bcceff8943e,Einstein Bros. Bagels,110,3.8363636363636364,110
edefc2d56284,Wingstop,110,2.963636363636364,110
4a189a3f446b,Paris Super Crepes,110,4.636363636363637,110
4e664c32c77b,Harmony Korean BBQ,110,4.536363636363636,110
e7137af465d8,H Mart Urbana,110,4.136363636363637,110
4e0a20751146,World Harvest International & Gourmet,110,4.045454545454546,110
4de381063dda,Jon's Pipe Shop and Cigar Smoking Lounge,110,4.818181818181818,110
4d40bea6dc05,Burger King,110,2.2,110
4d3f37a5769c,The Himalayan Chimney,110,3.909090909090909,110
4cc8f4909a31,Crumbl - Champaign,110,3.809090909090909,110
4c145622c33e,Orphans Treasure Box Bookstore,110,4.781818181818182,110
e74041d99474,Brothers Bar & Grill,110,3.8636363636363638,110
4af4cb74bf2b,Michaels,110,4.090909090909091,110
e7ad838319ad,Subway,110,3.909090909090909,110
4a6e3103e8ab,Kajiken Champaign,110,4.572727272727272,110
4a08824094da,Meijer,110,3.8181818181818183,110
4eaf34e5921b,Sunny China Buffet,110,3.6454545454545455,110
4916e367d568,Hickory River Smokehouse,110,3.981818181818182,110
489dfcfae2a6,Mahomet Family Restaurant,110,3.9454545454545453,110
e7bcd8249352,Eighty-Three Vietnamese Cuisine,110,4.9,110
e9272b5ccf42,Boomerangs Bar & Grill,110,4.254545454545455,110
ed272ffdaa1d,Green Jade,110,4.136363636363637,110
46ba334950f2,McDonald's,110,2.827272727272727,110
46437e9fb0dc,Culver’s,110,4.090909090909091,110
456d7f6040cd,Windy City Express,110,4.072727272727272,110
45507600c3e9,Chopstix,110,3.0,110
450ad6c91577,Jip Bap,110,3.963636363636364,110
44a8d505a91f,Huber's West End Store,110,4.718181818181818,110
44046c8deac7,Panera Bread,110,3.3454545454545452,110
4e9ec70be6f1,BakeLab,110,4.681818181818182,110
4f41a760c541,Hopscotch Bakery + Market,110,3.9909090909090907,110
e92b0ab7e12e,Jupiter's At The Crossing,110,3.709090909090909,110
55526d4d2057,Oberweis Ice Cream and Dairy Store,110,4.1909090909090905,110
5a457f370154,Outback Steakhouse,110,4.327272727272727,110
59723f2e9ec5,Staples,110,4.2272727272727275,110
59709bc93cc7,Ace Handyman Services East Central Illinois,110,4.9818181818181815,110
e5c757b04c33,Barrelhouse 34,110,4.1,110
5944468855b5,Jupiter's Pizzeria & Billiards,110,3.981818181818182,110
e60ed9ea7c7d,Campus Mobile Solutions,110,4.6454545454545455,110
57aac60f9896,Espresso Royale Cafe,110,4.2272727272727275,110
577eb84dd38a,I Wok Chinese Restaurant,110,4.509090909090909,110
e61f0402b186,Hobby Lobby,110,4.418181818181818,110
573da86d2e7a,Bandung Indonesian Restaurant,110,4.472727272727273,110
565720cfe48c,Far East Grocery,110,4.254545454545455,110
55915b54d869,Smoky's House BBQ,110,4.4818181818181815,110
554d1a67b62f,County Market,110,3.809090909090909,110
5041009c1e93,Tumble Inn Tavern,110,4.4,110
552ddc8dfcc4,The Red Lion,110,2.772727272727273,110
e6efc367a80f,Qué bolà! Cuban Cafe,110,4.8,110
54f7429fb4f1,Buffalo Wild Wings,110,2.772727272727273,110
54348af75062,Super Wok,110,4.072727272727272,110
5405f420726e,Vinny's by the slice and More,110,3.9,110
53880214e25d,Panda Express,110,3.536363636363636,110
530d615db1c6,Lai Lai Wok,110,3.7545454545454544,110
52a91098f2a8,Yogi Korean Restaurant,110,3.6454545454545455,110
51eb235635bf,Rural King,110,3.8454545454545452,110
5101a0f78742,Walgreens,110,2.118181818181818,110
50868c358a03,University Group,110,3.690909090909091,110
e706f9932fc6,Wood N' Hog Barbecue Catering,110,4.254545454545455,110
437afd0e5eba,Neil St. Blues,110,4.536363636363636,110
476f21b58a1d,Lao Sze Chuan Chinese Restaurant and Bar,110,4.009090909090909,110
4242ead220eb,"Sun Singer Restaurant, Wine & Spirits",110,4.3545454545454545,110
3c76c5589cce,Xinh Xinh Cafe,110,4.454545454545454,110
3b3eaaf92387,Pho Noodle Station,110,4.627272727272727,110
3b2d6275de00,Hacienda Agave,110,4.2727272727272725,110
3b1309cf404f,Maize Mexican Grill,110,4.336363636363636,110
3b10f9d689b9,McDonald's,110,2.7545454545454544,110
e99f806f5327,Columbia Street Roastery,110,4.818181818181818,110
3addf563d353,Urbana's Market at the Square,110,4.554545454545455,110
3a246951f049,Brass Rail,110,4.363636363636363,110
39fadc2eac6c,Sonic Drive-In,110,2.8,110
eac1bed72e9b,China Garden,110,3.963636363636364,110
39776fbf8b36,Atomic Wings,110,4.136363636363637,110
395c3a115e8e,Filippo's of Mahomet,110,4.263636363636364,110
ec2e6e8c1a97,Teamoji - Champaign,110,4.181818181818182,110
ecac99bb4a4c,CVS,110,2.618181818181818,110
386e62deb93d,Midas,110,4.3090909090909095,110
3740c5eb9b1e,Wienerschnitzel,110,4.509090909090909,110
35ce4e71f0c6,Rosati's Pizza,110,3.6363636363636362,110
35b7c612155c,Champaign Do it Best Hardware,110,4.636363636363637,110
ecf3d1c58401,Five Guys,110,3.3454545454545452,110
3516ba5bc1a3,The Axe Bar,110,4.163636363636364,110
34e140476067,Tasty Wings & Sandwiches,110,4.345454545454546,110
34d91112c91f,Target,110,3.227272727272727,110
34537d0b1ae5,Big Grove Tavern,110,4.245454545454545,110
344d28d3efa8,Biaggi's Ristorante Italiano,110,4.1454545454545455,110
33ee0e0e9538,Asian Supermarket,110,4.181818181818182,110
ed1654c0bfcd,Portillo's Champaign,110,4.2727272727272725,110
32511478505a,Exile on Main Street,110,4.4,110
31e5fda30184,The Ribeye,110,4.427272727272728,110
31d8ca5e05e3,LongHorn Steakhouse,110,3.709090909090909,110
30be1a95e55f,Teamoji - Champaign,110,4.181818181818182,110
3c69c8cdcee3,Panera Bread,110,3.118181818181818,110
3aa602dc30bc,El Rancho Grande in Villa Grove,110,4.627272727272727,110
3c820294098c,Old Time Meat & Deli Shop,110,4.745454545454545,110
3e1d721f9f0d,Punch! Bar & Lounge,110,4.790909090909091,110
41ed0c743fec,Pipa's Pub,110,4.463636363636364,110
41bb4ddc2b96,Cravings,110,4.627272727272727,110
e94e9f40fb60,Smith Burger Company,110,4.7727272727272725,110
3f977478561c,Bangkok Thai & PHO911#2,110,4.245454545454545,110
3f79542061ec,San Maru Korean Restaurant,110,4.6,110
3edc964f718a,Murphy's Pub,110,3.727272727272727,110
3eb5d8cd2422,Krispy Krunchy Chicken,110,4.4818181818181815,110
bebaf1dd67f8,Indian Chaat Café,110,4.8545454545454545,110
3c9bd8609a96,Costco Wholesale,110,3.772727272727273,110
e99d2ffbd020,Jimmy John's,110,3.618181818181818,110
3de8c0d6a3c9,HomeGoods,110,4.3545454545454545,110
a3bfa7af35b5,Carmazzi's Candy & General Store,109,4.724770642201835,109
72237e983649,Cao's Hot Pot,108,4.435185185185185,108
b1a180046cb9,ABBOTT'S FLORIST,107,4.822429906542056,107
74d86a48e289,La Michoacana Express,107,4.065420560747664,107
fbec7da90dd0,The Yard on Broadway,105,4.466666666666667,105
c30a56d2e886,Second Street Painting,104,4.913461538461538,104
b63d6206e6b4,One-T's Cornerpocket,104,4.4423076923076925,104
f739700d8d95,SZECHUAN TASTE,103,3.9514563106796117,103
1b5d3f4584c5,Smoke & Shine,103,4.427184466019417,103
c210983d7167,Patricio's pizza and more,103,4.766990291262136,103
b8f5693f7ecc,Yummy Future,103,4.563106796116505,103
03225cb84e7e,Aroma garden,103,4.485436893203883,103
1f50b31d2d2d,Champaign Farmers Market,98,4.489795918367347,98
6a4e2edd9895,sushi man,98,4.112244897959184,98
f50a4443b817,Nothing Bundt Cakes,98,4.520408163265306,98
01a340e23abe,Green Street Cafe,97,4.298969072164948,97
c8766c563b1c,RegCakes Gluten Free Bakery,97,4.824742268041237,97
68d18fab9b6a,Libby's Lounge Slots & Video Poker,96,4.552083333333333,96
492bc450a21e,Sooie Bros. Bar-B-Que Joint,96,3.9166666666666665,96
1e16fa4ce541,Champaign Beauty Supply,95,4.136842105263158,95
b7bc82701ad8,Lodgic Coworking,95,4.7368421052631575,95
0ebbdc7bdb10,Good Judys Espresso & Bagel Bar,95,4.6421052631578945,95
bf518fd0ce7a,Jimmy John's,94,3.5,94
8998ff0d8735,Wild Side Smoke Shop,94,4.531914893617022,94
4afcf8e648be,UpClose Printing,94,4.9361702127659575,94
3f01ec101638,BluSky Restoration Contractors,94,4.595744680851064,94
83b9c4c3ee17,One Stop Food & Liquor,93,4.096774193548387,93
514b008f67a0,Niro's Gyros,91,3.8461538461538463,91
23369975e031,Pequeños Tapas & Wine Bar,91,4.813186813186813,91
3089643f2dd0,PACA Architectural Salvage Warehouse,87,4.724137931034483,87
f14fefc9cc6e,Little Green Apple,86,4.709302325581396,86
10d463dda8ed,The Poke Shack,86,4.837209302325581,86
3e93f8c576f4,Lazy Daisy Diner & Cafe,85,4.564705882352941,85
cae14923d4e0,Starbucks,85,3.764705882352941,85
e4f4c94bf14c,Shiquan Wonton,84,3.869047619047619,84
3e6fb0b83007,Buckle,81,4.37037037037037,81
787c1941d7a8,Subway,81,3.54320987654321,81
53951b7b2926,Luther Falls Kitchen & Bath,80,3.7875,80
00135f5eaac6,Fernandos Food Truck,78,4.5256410256410255,78
57704c261187,Les Gourmets Cuisine,78,4.871794871794871,78
10a444cd0be7,"Signarama Champaign, IL",77,4.87012987012987,77
2daa824aa546,China King,76,4.078947368421052,76
ace027b79250,QDOBA Mexican Eats,75,3.72,75
a325a1278e24,El Jefe Cantina Mexican Restaurant & Bar,75,4.88,75
4810b20c7506,Los Paisas,74,4.175675675675675,74
1f5216c8b87d,Masala Indian House,74,3.9054054054054053,74
d306477e43cc,Hunny Bunny Bakes,74,4.851351351351352,74
879fe8f7fcdf,The Main Scoop,73,4.6438356164383565,73
ab9fcb7fb0a8,Wingstop,73,3.5205479452054793,73
6d5be213458c,Tacos locos,71,4.225352112676056,71
bdc63405046e,Matcha En,69,4.72463768115942,69
7a9da4a4ab45,YGF Malatang,69,4.797101449275362,69
892c07b111e7,Casa Margaritas Mexican Grill,69,4.7101449275362315,69
f83b83836584,Taco Bell,69,3.260869565217391,69
3ff41f334adb,Get it up television mounting,68,4.911764705882353,68
a0fd61cdd475,Target,67,3.074626865671642,67
831fe619fcc0,J6 Kitchen,67,4.895522388059701,67
abc24c04407e,Panaderia San Miguel Mexican Bakery,66,4.424242424242424,66
cf6765d37060,Heavy Spoon Co.,66,4.575757575757576,66
7c919c71347a,Pastamania,66,4.4393939393939394,66
8fdab607f382,El Paraiso,66,4.712121212121212,66
e04aad1f3c8f,El Progreso Latino,66,4.363636363636363,66
73e91900cf86,Sepelas Restaurant,66,4.863636363636363,66
af24567ce324,The CU Flower House,65,4.984615384615385,65
06fc1ae9d864,Maligaya's Oriental Market,64,4.59375,64
087bdda1dae9,Furniture Lounge,63,4.666666666666667,63
02be5a7d610e,Moge Tee UIUC,63,4.333333333333333,63
38efdc980be2,Floor Coverings International of Champaign,62,5.0,62
bee84a5f8029,Espresso Royale Cafe- Grainger Engineering Library,62,3.1774193548387095,62
11fed0bc068d,Walgreens,62,3.225806451612903,62
4357a84e60d9,CBPB Popcorn Shop,62,4.580645161290323,62
59f288603cd3,Basil Thai Kitchen,61,4.360655737704918,61
551098e69865,A Plus VIP Lounge,61,4.049180327868853,61
4b9323c68a13,Inspire Brands- Jimmy John's,60,2.816666666666667,60
1e538d74703d,Starbucks,59,3.457627118644068,59
1be27cf98b43,QuikTrip,59,4.0,59
ca509a80417d,Oskee's Sports Pub,59,4.47457627118644,59
eb87b9f2bf2f,Thorntons,59,3.8983050847457625,59
bc35f1f92965,Hunny's Smokeshop & More,59,4.745762711864407,59
4e0e3278a6bf,Domino's Pizza,58,3.706896551724138,58
c6bde3b6b3b9,Circle K,57,2.543859649122807,57
2f6917b4b172,Potbelly Sandwich Shop,57,2.6315789473684212,57
cec24f7a8035,SGD DUBU SO GONG DONG TOFU & KOREAN BBQ,56,4.75,56
2278a60e081c,Bohemia,56,4.75,56
a5dce388f33b,Mach 1,56,3.5,56
d7744cd476e7,Etc. Coffeehouse,55,4.872727272727273,55
9e266b8110d8,The Station,54,4.666666666666667,54
96950c535789,BakeLab Patisserie,54,4.814814814814815,54
9f0162f936be,Subway,52,3.076923076923077,52
192969bf9955,The Stuft Bird,52,4.865384615384615,52
4ad781f803b7,Moment Bakery,52,4.865384615384615,52
02242593591e,Mama's Kitchen,51,4.901960784313726,51
d0894bafb1b1,Cloud Mountain Kombucha,51,4.901960784313726,51
fcbc8a13f416,Mashawee House,51,4.823529411764706,51
1495946d1941,Willow Creek Farm,50,4.32,50
c96642a296b0,Dairy Queen Grill & Chill,50,2.82,50
ed149d449d95,Gallery Art Bar,48,4.416666666666667,48
b94b736fe1a7,Zhangliang Malatang Champaign 张亮麻辣烫（原GG BOWL）,48,4.416666666666667,48
e5567eb77bd5,Sherwin-Williams Paint Store,47,4.914893617021277,47
c9b8a064b33b,Royal BBQ,47,4.0212765957446805,47
7e00bf985827,Page Roasting Company,46,4.565217391304348,46
6c5073a67f86,Jack's Tavern,46,4.239130434782608,46
10bb460ff850,Carmon's,45,4.733333333333333,45
0fc6a039fc74,GROVESTONE,45,4.844444444444444,45
65259b6d797a,Sugar Berries Cafe,45,3.5555555555555554,45
2bb8c362ffe2,Taipei Cafe,45,4.311111111111111,45
d2e0d9529227,Eastern Illinois Foodbank,45,4.511111111111111,45
a259e1373a1c,Analog Wine Library,44,4.5227272727272725,44
25edec0827d8,Nanjing Bistro,44,3.8181818181818183,44
1211374e7936,217 Elite Drywall & Paint,44,4.818181818181818,44
d25a1adb334b,Edible Arrangements,44,3.909090909090909,44
dfa71f2d74e2,Daily Byte,43,4.511627906976744,43
307e2386e5b1,Ted's Café at the Beckman Institute,43,4.209302325581396,43
c3c59ca2fafb,Circle K,43,2.0930232558139537,43
850abee27860,Just BEE Açaí UIUC & Just BEE Acai Monticello,43,4.651162790697675,43
8dcfe0266525,Ladro Enoteca,43,5.0,43
1416f2af944c,Ten Thousand Villages,42,4.738095238095238,42
1b47995042a6,Paris Baguette,42,4.0476190476190474,42
6d1fd725075a,Elite,42,4.5,42
c4eaf960638f,Vinny’s Pizza By the Slice,40,3.875,40
cd96303f5c1a,Illinois Street Dining Center (ISR Dining Center),40,4.15,40
06fbb1893dff,Sinclaire's Coffee,40,4.775,40
694cffb7665d,"FG Drywall, finishing and painting",40,4.9,40
d760d33ac5bf,Jimmy John's,40,2.75,40
0317318f3d4b,Gloria Jean’s Coffees,39,2.8974358974358974,39
d01718044cab,Fleurish,39,4.538461538461538,39
7c73a07c4562,It's Just Wings,39,2.8205128205128207,39
e5f75d2457d2,The Scratching Post CU,39,4.871794871794871,39
b24f837447f7,Anthem Bar,38,3.9210526315789473,38
fa0d37a24835,Elm City Coffee,38,4.5,38
2c6b04fd8e5f,Tastee Freez,38,4.052631578947368,38
b08c95664c2f,Dee-Dee's Beef,38,5.0,38
f896f7cdad54,Dotty's,38,4.315789473684211,38
7e41c5d8e86b,Circle K,38,2.5789473684210527,38
f56eb1a5affb,Pinoy Asian Mart And Takeout,37,4.756756756756757,37
26b6f94c7ab0,K Bowl Inc.,37,4.45945945945946,37
77ca0d7d6c10,Writer's Room,37,4.324324324324325,37
faef3729a46b,KUNG FU TEA (URBANA),37,4.486486486486487,37
ea93ade6e9c9,Array Cafe,36,4.166666666666667,36
ba83765352d6,Lucky's Lounge,36,4.111111111111111,36
8e25a9e21ff8,Hey Bobo Cafe,36,4.25,36
62283e502d4c,Flying Monkey Cafe,36,4.194444444444445,36
b7ecd5f9efea,The Jurassic Grill with Empanadas House,35,4.285714285714286,35
3d2195135806,Piccadilly Liquors,35,4.228571428571429,35
cc9b19533f17,"Signature Meats , Halal Butcher Shop",35,4.885714285714286,35
3ae65d2c6d24,Crudo,35,4.2,35
6986d5d8c051,Lacey's Place,34,3.764705882352941,34
be215b178e52,Jersey Mike's Subs,34,3.5294117647058822,34
94e370e570da,Happy Lemon,34,2.823529411764706,34
fd4471d162d3,Quencher's Smoothies,34,3.911764705882353,34
e1a449a01c27,La Paloma Food Truck,33,4.424242424242424,33
be710d8d0be8,Mala Parlor Hot Pot,32,4.53125,32
9ac5888af340,Intermezzo Cafe at Krannert Center,32,4.40625,32
b46844093e84,DIGS,32,4.84375,32
009954dee7f8,Izalco grill,32,4.96875,32
5f359880db6c,Goldy’s 2.0,31,3.935483870967742,31
505f9e593c9b,The Library Café,31,4.645161290322581,31
9d157a863bc0,Rally House Market Place,31,4.645161290322581,31
0e22e976ae90,Y-Thai,31,3.967741935483871,31
bcae66a992bc,Espresso Royale Cafe- GIES College of Business,31,2.935483870967742,31
e584158709d9,The Burrito Lab,30,4.933333333333334,30
7ba7cd25f732,Rainbow Garden,30,4.0,30
f54802129ff5,Kirby Food & Liquor,30,4.166666666666667,30
813d6dfe72c8,Auntie Anne's,29,4.448275862068965,29
76a346e67fd5,Jackpot Deli,28,4.357142857142857,28
5956af88a2da,Fyrefly Grill,28,4.714285714285714,28
afcbd3b4029e,FriendShop Bookstore,28,4.607142857142857,28
da243386ae98,Burrito King,28,4.642857142857143,28
007bc47c882c,Escobar's Restaurant,27,4.481481481481482,27
c027bf2ac49c,Stellar Painting,27,5.0,27
6e93a3b265af,Shots N' Slots,27,4.555555555555555,27
737405c4669b,La Veya Mexican Restaurant,26,4.8076923076923075,26
fe00f7e37054,Blind Pig Brewpub,25,4.24,25
fa0759e1cdc8,Cho Dang Tofu & BBQ,24,3.9583333333333335,24
82bdddaae95e,The Burger Den,24,3.4166666666666665,24
0b4e5a716490,Guerrero Azteca Taco Truck,24,4.833333333333333,24
76d2ec925974,COTTI COFFEE- UIUC,24,4.541666666666667,24
38e3be33374a,Central Illinois Bakehouse,24,4.708333333333333,24
0e44a56495ce,Ten Second Rice Noodle,23,4.173913043478261,23
eaa20b7f98db,Senor Taco Delicious Food,21,2.8095238095238093,21
fc9bcaeb5433,Ruby's Slots and Video Poker,21,3.8095238095238093,21
2eb40f0e35c3,Subway,21,2.380952380952381,21
66dc686d63c8,Natural Gourmet,21,4.809523809523809,21
08f929a35259,I.C.U Clucka LLC,21,4.9523809523809526,21
ac16509ca590,Caribbean Kitchen,20,4.35,20
d13b3452e8c1,Sumo Kitchen,20,4.95,20
f7747af56e36,Niemanns,20,3.4,20
b6782ae1183d,Golden Hour,19,3.789473684210526,19
a0cc13dd64d2,Champaign Public Library - Douglass Branch,19,4.526315789473684,19
77a1f078d392,Caprae at Prairie Fruits Farm,19,4.631578947368421,19
75be85034816,7 Brew Coffee,19,4.052631578947368,19
9e5aad213e5c,Black Jack's Poker,18,3.5555555555555554,18
ca592df80c08,F & T Desserts,18,4.833333333333333,18
e76135fbd076,Kona Ice of Champaign,18,4.944444444444445,18
4870101368cf,Hollywood Liquors,18,4.277777777777778,18
776a3a4c91ea,Poppers Tea,18,3.5,18
39f95161cd0e,RiPoppedIt,18,5.0,18
21b9d923647e,Pro painters plus llc,17,5.0,17
d895b20f335b,Senores tacos,17,4.529411764705882,17
663c688ee58e,Garbanzo Mediterranean Fresh,16,3.9375,16
328cf314c058,pOpshelf,16,4.0625,16
30596968a7d6,Spice Box,16,4.625,16
f1b991d5f32c,Burrito King,16,3.9375,16
68624bcea329,Dish Passionate Cuisine,16,4.375,16
1e474512c232,Slifer Farm (Farm Stand),16,4.875,16
10f6d4f6bece,R.P. Lumber,16,4.5,16
b75cea2d02aa,Arlon's Sweets and Eats,15,5.0,15
093793d98428,Farmhouse Market,14,5.0,14
1c4ddde64b95,Sola Gratia Farm,14,4.071428571428571,14
c048e4ae2c9e,KDK by Design,14,3.5714285714285716,14
c5d551bd5b3e,Circle K,14,2.7857142857142856,14
b7f8b7c3e5c5,Jitters Cafe,14,4.642857142857143,14
d7844085a85b,MOVOC China Malatang,13,4.153846153846154,13
c148d1a2a72a,University YMCA,13,4.615384615384615,13
35224f7d66b7,Hound's Court,13,3.923076923076923,13
b8c320b368d2,Smith Burger Co.,13,4.3076923076923075,13
66dd8d6ef9cd,Haymakers Convenience Store,13,3.8461538461538463,13
0fa1b80789b0,JAWS Topokki Urbana (죠스 떡볶이),13,4.538461538461538,13
c023172e8fb8,"Tienda Guatemala, LLC",12,4.0,12
66b5e63a69a2,Burrito King,12,3.25,12
d060e083ba47,Prosperity Garden Inc.,12,4.833333333333333,12
08cc6b2baf3f,Maize at the union,12,3.8333333333333335,12
88c03b8c2c74,Sustainable Student Farm,12,4.916666666666667,12
df13d1191418,Great American Grill,12,3.3333333333333335,12
8c0ec5d02420,Cakes by Lori,12,4.75,12
0a0ac3ac75e8,The Neighbors @ The Ice House,11,4.7272727272727275,11
aaabbe3ceb1e,Espresso Royale Cafe - Campus Instructional Facility (CIF),11,2.4545454545454546,11
59260174a4b8,Hampton's Kitchen & App,11,4.636363636363637,11
72746f08de06,Starbucks,11,4.2727272727272725,11
ef69e2b79eec,Six Red Chairs Bakery,10,5.0,10
